{"NEGATIVE": {"CE_right": 25.212266156773932, "SA_right": 107.97836037649849, "DS_right": 0.7436299602638633, "MRD1_right": 1.9464514732613054, "MRD2_right": 2.907443398893005, "BH_right": 25.438896079656928, "PFH_right": 5.536136435643612, "CE_left": 25.78300174941496, "SA_left": 109.33482781136156, "DS_left": 0.693670421866415, "MRD1_left": 2.4530269054004252, "MRD2_left": 2.7949180949855594, "BH_left": 25.833645610489338, "PFH_left": 5.785721943426208, "CE_dev": 1.63155704371476, "SA_dev": 3.0199858874699976, "MRD1_dev": 0.7335141402248704, "MRD2_dev": 0.7539421149957682, "BH_dev": 0.6187818850761607, "DS_dev": 0.19294516002437812, "CH_dev": 1.0654361925775688, "UVH_dev": 0.87801338647057, "LVH_dev": 1.4162469217571163, "PFH_dev": 0.2700594091032893, "CE_dev_p": 6.0816190618539885, "SA_dev_p": 2.7745837521313335, "MRD1_dev_p": 34.50706212406936, "MRD2_dev_p": 30.953800941198143, "BH_dev_p": 2.4520250427851216, "DS_dev_p": 54.78489279103976, "PFH_dev_p": 4.789728335387317}, "NSM_SPREAD": {"original": {"CE_right": 32.3250512429186, "SA_right": 111.52481299546942, "DS_right": 1.0095951933157912, "MRD1_right": 2.4162832040714775, "MRD2_right": 1.146865975369534, "BH_right": 26.76502590646615, "PFH_right": 3.6206202203802076, "CE_left": 31.73109200121525, "SA_left": 113.64662304697401, "DS_left": 1.028546925445539, "MRD1_left": 2.00910816434122, "MRD2_left": 1.0115111355265236, "BH_left": 26.044659325132358, "PFH_left": 3.5241300208261976, "CE_dev": 2.789062244066006, "SA_dev": 3.738020608384313, "MRD1_dev": 0.4071750397302574, "MRD2_dev": 0.1868721305517297, "BH_dev": 0.7203665813337897, "DS_dev": 0.7297227148373152, "CH_dev": 0.8237159988455233, "UVH_dev": 0.5191118453933488, "LVH_dev": 1.1860137743261239, "PFH_dev": 0.3207434287611566, "CE_dev_p": 8.607966016842349, "SA_dev_p": 3.367378737931631, "MRD1_dev_p": 16.252464714987838, "MRD2_dev_p": 20.56368035884093, "BH_dev_p": 2.645042528847607, "DS_dev_p": 115.66349031175842, "PFH_dev_p": 8.35418147302415}, "normalized": {"smile_right": 0.14105802790427924, "smile_left": 0.11534906427129368, "smile_symmetry": 0.9742910363670144}}, "NSM_OPEN": {"original": {"CE_right": 35.814206312574065, "SA_right": 130.0697917638189, "DS_right": 0.03013618992176917, "MRD1_right": 0.9317915840478627, "MRD2_right": 2.2604090496324782, "BH_right": 26.990587425003906, "PFH_right": 4.781844133117066, "CE_left": 31.053701658449196, "SA_left": 141.8164443322647, "DS_left": 0.0, "MRD1_left": 2.525247454178898, "MRD2_left": 2.3229976876574523, "BH_left": 28.325269959324455, "PFH_left": 5.292818843135082, "CE_dev": 5.122054776755345, "SA_dev": 11.746652568445777, "MRD1_dev": 1.5934558701310353, "MRD2_dev": 0.9560501792855279, "BH_dev": 1.3346825343205495, "DS_dev": 0.03013618992176917, "CH_dev": 1.37650608417644, "UVH_dev": 1.5278163496961368, "LVH_dev": 2.9982625946797623, "PFH_dev": 0.5109747100180156, "CE_dev_p": 13.541238187131704, "SA_dev_p": 9.077135707197236, "MRD1_dev_p": 329.23636504236964, "MRD2_dev_p": 40.5787053734836, "BH_dev_p": 5.041603953699849, "DS_dev_p": 33.333333333333336, "PFH_dev_p": 11.098896531308958}, "normalized": {"open_right": 0, "open_left": 0, "open_symmetry": 1}}, "NSM_KISS": []}
